PassengerId,Sex,Age,Title,Pclass,SibSp,Parch,FamSize,Fare,Embarked,Deck,Survived
1,male,22,Mr,3,1,0,1,7.25,S,Unknown,0
2,female,38,Mrs,1,1,0,1,71.2833,C,C,1
3,female,26,Miss,3,0,0,0,7.925,S,Unknown,1
4,female,35,Mrs,1,1,0,1,53.1,S,C,1
5,male,35,Mr,3,0,0,0,8.05,S,Unknown,0
6,male,33,Mr,3,0,0,0,8.4583,Q,Unknown,0
7,male,54,Mr,1,0,0,0,51.8625,S,E,0
8,male,2,Master,3,3,1,4,21.075,S,Unknown,0
9,female,27,Mrs,3,0,2,2,11.1333,S,Unknown,1
10,female,14,Mrs,2,1,0,1,30.0708,C,Unknown,1
11,female,4,Miss,3,1,1,2,16.7,S,G,1
12,female,58,Miss,1,0,0,0,26.55,S,C,1
13,male,20,Mr,3,0,0,0,8.05,S,Unknown,0
14,male,39,Mr,3,1,5,6,31.275,S,Unknown,0
15,female,14,Miss,3,0,0,0,7.8542,S,Unknown,0
16,female,55,Mrs,2,0,0,0,16.0,S,Unknown,1
17,male,2,Master,3,4,1,5,29.125,Q,Unknown,0
18,male,33,Mr,2,0,0,0,13.0,S,Unknown,1
19,female,31,Mrs,3,1,0,1,18.0,S,Unknown,0
20,female,36,Mrs,3,0,0,0,7.225,C,Unknown,1
21,male,35,Mr,2,0,0,0,26.0,S,Unknown,0
22,male,34,Mr,2,0,0,0,13.0,S,D,1
23,female,15,Miss,3,0,0,0,8.0292,Q,Unknown,1
24,male,28,Mr,1,0,0,0,35.5,S,A,1
25,female,8,Miss,3,3,1,4,21.075,S,Unknown,0
26,female,38,Mrs,3,1,5,6,31.3875,S,Unknown,1
27,male,33,Mr,3,0,0,0,7.225,C,Unknown,0
28,male,19,Mr,1,3,2,5,263.0,S,C,0
29,female,28,Miss,3,0,0,0,7.8792,Q,Unknown,1
30,male,33,Mr,3,0,0,0,7.8958,S,Unknown,0
31,male,40,Mr,1,0,0,0,27.7208,C,Unknown,0
32,female,36,Mrs,1,1,0,1,146.5208,C,B,1
33,female,28,Miss,3,0,0,0,7.75,Q,Unknown,1
34,male,66,Mr,2,0,0,0,10.5,S,Unknown,0
35,male,28,Mr,1,1,0,1,82.1708,C,Unknown,0
36,male,42,Mr,1,1,0,1,52.0,S,Unknown,0
37,male,33,Mr,3,0,0,0,7.2292,C,Unknown,1
38,male,21,Mr,3,0,0,0,8.05,S,Unknown,0
39,female,18,Miss,3,2,0,2,18.0,S,Unknown,0
40,female,14,Miss,3,1,0,1,11.2417,C,Unknown,1
41,female,40,Mrs,3,1,0,1,9.475,S,Unknown,0
42,female,27,Mrs,2,1,0,1,21.0,S,Unknown,0
43,male,33,Mr,3,0,0,0,7.8958,C,Unknown,0
44,female,3,Miss,2,1,2,3,41.5792,C,Unknown,1
45,female,19,Miss,3,0,0,0,7.8792,Q,Unknown,1
46,male,33,Mr,3,0,0,0,8.05,S,Unknown,0
47,male,33,Mr,3,1,0,1,15.5,Q,Unknown,0
48,female,28,Miss,3,0,0,0,7.75,Q,Unknown,1
49,male,33,Mr,3,2,0,2,21.6792,C,Unknown,0
50,female,18,Mrs,3,1,0,1,17.8,S,Unknown,0
51,male,7,Master,3,4,1,5,39.6875,S,Unknown,0
52,male,21,Mr,3,0,0,0,7.8,S,Unknown,0
53,female,49,Mrs,1,1,0,1,76.7292,C,D,1
54,female,29,Mrs,2,1,0,1,26.0,S,Unknown,1
55,male,65,Mr,1,0,1,1,61.9792,C,B,0
56,male,33,Mr,1,0,0,0,35.5,S,C,1
57,female,21,Miss,2,0,0,0,10.5,S,Unknown,1
58,male,28,Mr,3,0,0,0,7.2292,C,Unknown,0
59,female,5,Miss,2,1,2,3,27.75,S,Unknown,1
60,male,11,Master,3,5,2,7,46.9,S,Unknown,0
61,male,22,Mr,3,0,0,0,7.2292,C,Unknown,0
62,female,38,Miss,1,0,0,0,80.0,S,B,1
63,male,45,Mr,1,1,0,1,83.475,S,C,0
64,male,4,Master,3,3,2,5,27.9,S,Unknown,0
65,male,33,Mr,1,0,0,0,27.7208,C,Unknown,0
66,male,5,Master,3,1,1,2,15.2458,C,Unknown,1
67,female,29,Mrs,2,0,0,0,10.5,S,F,1
68,male,19,Mr,3,0,0,0,8.1583,S,Unknown,0
69,female,17,Miss,3,4,2,6,7.925,S,Unknown,1
70,male,26,Mr,3,2,0,2,8.6625,S,Unknown,0
71,male,32,Mr,2,0,0,0,10.5,S,Unknown,0
72,female,16,Miss,3,5,2,7,46.9,S,Unknown,0
73,male,21,Mr,2,0,0,0,73.5,S,Unknown,0
74,male,26,Mr,3,1,0,1,14.4542,C,Unknown,0
75,male,32,Mr,3,0,0,0,56.4958,S,Unknown,1
76,male,25,Mr,3,0,0,0,7.65,S,F,0
77,male,33,Mr,3,0,0,0,7.8958,S,Unknown,0
78,male,33,Mr,3,0,0,0,8.05,S,Unknown,0
79,male,0,Master,2,0,2,2,29.0,S,Unknown,1
80,female,30,Miss,3,0,0,0,12.475,S,Unknown,1
81,male,22,Mr,3,0,0,0,9.0,S,Unknown,0
82,male,29,Mr,3,0,0,0,9.5,S,Unknown,1
83,female,28,Miss,3,0,0,0,7.7875,Q,Unknown,1
84,male,28,Mr,1,0,0,0,47.1,S,Unknown,0
85,female,17,Miss,2,0,0,0,10.5,S,Unknown,1
86,female,33,Mrs,3,3,0,3,15.85,S,Unknown,1
87,male,16,Mr,3,1,3,4,34.375,S,Unknown,0
88,male,33,Mr,3,0,0,0,8.05,S,Unknown,0
89,female,23,Miss,1,3,2,5,263.0,S,C,1
90,male,24,Mr,3,0,0,0,8.05,S,Unknown,0
91,male,29,Mr,3,0,0,0,8.05,S,Unknown,0
92,male,20,Mr,3,0,0,0,7.8542,S,Unknown,0
93,male,46,Mr,1,1,0,1,61.175,S,E,0
94,male,26,Mr,3,1,2,3,20.575,S,Unknown,0
95,male,59,Mr,3,0,0,0,7.25,S,Unknown,0
96,male,33,Mr,3,0,0,0,8.05,S,Unknown,0
97,male,71,Mr,1,0,0,0,34.6542,C,A,0
98,male,23,Mr,1,0,1,1,63.3583,C,D,1
99,female,34,Mrs,2,0,1,1,23.0,S,Unknown,1
100,male,34,Mr,2,1,0,1,26.0,S,Unknown,0
101,female,28,Miss,3,0,0,0,7.8958,S,Unknown,0
102,male,33,Mr,3,0,0,0,7.8958,S,Unknown,0
103,male,21,Mr,1,0,1,1,77.2875,S,D,0
104,male,33,Mr,3,0,0,0,8.6542,S,Unknown,0
105,male,37,Mr,3,2,0,2,7.925,S,Unknown,0
106,male,28,Mr,3,0,0,0,7.8958,S,Unknown,0
107,female,21,Miss,3,0,0,0,7.65,S,Unknown,1
108,male,33,Mr,3,0,0,0,7.775,S,Unknown,1
109,male,38,Mr,3,0,0,0,7.8958,S,Unknown,0
110,female,28,Miss,3,1,0,1,24.15,Q,Unknown,1
111,male,47,Mr,1,0,0,0,52.0,S,C,0
112,female,14,Miss,3,1,0,1,14.4542,C,Unknown,0
113,male,22,Mr,3,0,0,0,8.05,S,Unknown,0
114,female,20,Miss,3,1,0,1,9.825,S,Unknown,0
115,female,17,Miss,3,0,0,0,14.4583,C,Unknown,0
116,male,21,Mr,3,0,0,0,7.925,S,Unknown,0
117,male,70,Mr,3,0,0,0,7.75,Q,Unknown,0
118,male,29,Mr,2,1,0,1,21.0,S,Unknown,0
119,male,24,Mr,1,0,1,1,247.5208,C,B,0
120,female,2,Miss,3,4,2,6,31.275,S,Unknown,0
121,male,21,Mr,2,2,0,2,73.5,S,Unknown,0
122,male,33,Mr,3,0,0,0,8.05,S,Unknown,0
123,male,32,Mr,2,1,0,1,30.0708,C,Unknown,0
124,female,32,Miss,2,0,0,0,13.0,S,E,1
125,male,54,Mr,1,0,1,1,77.2875,S,D,0
126,male,12,Master,3,1,0,1,11.2417,C,Unknown,1
127,male,33,Mr,3,0,0,0,7.75,Q,Unknown,0
128,male,24,Mr,3,0,0,0,7.1417,S,Unknown,1
129,female,12,Miss,3,1,1,2,22.3583,C,F,1
130,male,45,Mr,3,0,0,0,6.975,S,Unknown,0
131,male,33,Mr,3,0,0,0,7.8958,C,Unknown,0
132,male,20,Mr,3,0,0,0,7.05,S,Unknown,0
133,female,47,Mrs,3,1,0,1,14.5,S,Unknown,0
134,female,29,Mrs,2,1,0,1,26.0,S,Unknown,1
135,male,25,Mr,2,0,0,0,13.0,S,Unknown,0
136,male,23,Mr,2,0,0,0,15.0458,C,Unknown,0
137,female,19,Miss,1,0,2,2,26.2833,S,D,1
138,male,37,Mr,1,1,0,1,53.1,S,C,0
139,male,16,Mr,3,0,0,0,9.2167,S,Unknown,0
140,male,24,Mr,1,0,0,0,79.2,C,B,0
141,female,36,Mrs,3,0,2,2,15.2458,C,Unknown,0
142,female,22,Miss,3,0,0,0,7.75,S,Unknown,1
143,female,24,Mrs,3,1,0,1,15.85,S,Unknown,1
144,male,19,Mr,3,0,0,0,6.75,Q,Unknown,0
145,male,18,Mr,2,0,0,0,11.5,S,Unknown,0
146,male,19,Mr,2,1,1,2,36.75,S,Unknown,0
147,male,27,Mr,3,0,0,0,7.7958,S,Unknown,1
148,female,9,Miss,3,2,2,4,34.375,S,Unknown,0
149,male,36,Mr,2,0,2,2,26.0,S,F,0
150,male,42,Mr,2,0,0,0,13.0,S,Unknown,0
151,male,51,Mr,2,0,0,0,12.525,S,Unknown,0
152,female,22,Mrs,1,1,0,1,66.6,S,C,1
153,male,55,Mr,3,0,0,0,8.05,S,Unknown,0
154,male,40,Mr,3,0,2,2,14.5,S,Unknown,0
155,male,33,Mr,3,0,0,0,7.3125,S,Unknown,0
156,male,51,Mr,1,0,1,1,61.3792,C,Unknown,0
157,female,16,Miss,3,0,0,0,7.7333,Q,Unknown,1
158,male,30,Mr,3,0,0,0,8.05,S,Unknown,0
159,male,33,Mr,3,0,0,0,8.6625,S,Unknown,0
160,male,5,Master,3,8,2,10,69.55,S,Unknown,0
161,male,44,Mr,3,0,1,1,16.1,S,Unknown,0
162,female,40,Mrs,2,0,0,0,15.75,S,Unknown,1
163,male,26,Mr,3,0,0,0,7.775,S,Unknown,0
164,male,17,Mr,3,0,0,0,8.6625,S,Unknown,0
165,male,1,Master,3,4,1,5,39.6875,S,Unknown,0
166,male,9,Master,3,0,2,2,20.525,S,Unknown,1
167,female,36,Mrs,1,0,1,1,55.0,S,E,1
168,female,45,Mrs,3,1,4,5,27.9,S,Unknown,0
169,male,33,Mr,1,0,0,0,25.925,S,Unknown,0
170,male,28,Mr,3,0,0,0,56.4958,S,Unknown,0
171,male,61,Mr,1,0,0,0,33.5,S,B,0
172,male,4,Master,3,4,1,5,29.125,Q,Unknown,0
173,female,1,Miss,3,1,1,2,11.1333,S,Unknown,1
174,male,21,Mr,3,0,0,0,7.925,S,Unknown,0
175,male,56,Mr,1,0,0,0,30.6958,C,A,0
176,male,18,Mr,3,1,1,2,7.8542,S,Unknown,0
177,male,5,Master,3,3,1,4,25.4667,S,Unknown,0
178,female,50,Miss,1,0,0,0,28.7125,C,C,0
179,male,30,Mr,2,0,0,0,13.0,S,Unknown,0
180,male,36,Mr,3,0,0,0,0.0,S,Unknown,0
181,female,12,Miss,3,8,2,10,69.55,S,Unknown,0
182,male,33,Mr,2,0,0,0,15.05,C,Unknown,0
183,male,9,Master,3,4,2,6,31.3875,S,Unknown,0
184,male,1,Master,2,2,1,3,39.0,S,F,1
185,female,4,Miss,3,0,2,2,22.025,S,Unknown,1
186,male,33,Mr,1,0,0,0,50.0,S,A,0
187,female,36,Mrs,3,1,0,1,15.5,Q,Unknown,1
188,male,45,Mr,1,0,0,0,26.55,S,Unknown,1
189,male,40,Mr,3,1,1,2,15.5,Q,Unknown,0
190,male,36,Mr,3,0,0,0,7.8958,S,Unknown,0
191,female,32,Mrs,2,0,0,0,13.0,S,Unknown,1
192,male,19,Mr,2,0,0,0,13.0,S,Unknown,0
193,female,19,Miss,3,1,0,1,7.8542,S,Unknown,1
194,male,3,Master,2,1,1,2,26.0,S,F,1
195,female,44,Mrs,1,0,0,0,27.7208,C,B,1
196,female,58,Miss,1,0,0,0,146.5208,C,B,1
197,male,33,Mr,3,0,0,0,7.75,Q,Unknown,0
198,male,42,Mr,3,0,1,1,8.4042,S,Unknown,0
199,female,28,Miss,3,0,0,0,7.75,Q,Unknown,1
200,female,24,Miss,2,0,0,0,13.0,S,Unknown,0
201,male,28,Mr,3,0,0,0,9.5,S,Unknown,0
202,male,33,Mr,3,8,2,10,69.55,S,Unknown,0
203,male,34,Mr,3,0,0,0,6.4958,S,Unknown,0
204,male,45,Mr,3,0,0,0,7.225,C,Unknown,0
205,male,18,Mr,3,0,0,0,8.05,S,Unknown,1
206,female,2,Miss,3,0,1,1,10.4625,S,G,0
207,male,32,Mr,3,1,0,1,15.85,S,Unknown,0
208,male,26,Mr,3,0,0,0,18.7875,C,Unknown,1
209,female,16,Miss,3,0,0,0,7.75,Q,Unknown,1
210,male,40,Mr,1,0,0,0,31.0,C,A,1
211,male,24,Mr,3,0,0,0,7.05,S,Unknown,0
212,female,35,Miss,2,0,0,0,21.0,S,Unknown,1
213,male,22,Mr,3,0,0,0,7.25,S,Unknown,0
214,male,30,Mr,2,0,0,0,13.0,S,Unknown,0
215,male,33,Mr,3,1,0,1,7.75,Q,Unknown,0
216,female,31,Miss,1,1,0,1,113.275,C,D,1
217,female,27,Miss,3,0,0,0,7.925,S,Unknown,1
218,male,42,Mr,2,1,0,1,27.0,S,Unknown,0
219,female,32,Miss,1,0,0,0,76.2917,C,D,1
220,male,30,Mr,2,0,0,0,10.5,S,Unknown,0
221,male,16,Mr,3,0,0,0,8.05,S,Unknown,1
222,male,27,Mr,2,0,0,0,13.0,S,Unknown,0
223,male,51,Mr,3,0,0,0,8.05,S,Unknown,0
224,male,33,Mr,3,0,0,0,7.8958,S,Unknown,0
225,male,38,Mr,1,1,0,1,90.0,S,C,1
226,male,22,Mr,3,0,0,0,9.35,S,Unknown,0
227,male,19,Mr,2,0,0,0,10.5,S,Unknown,1
228,male,20,Mr,3,0,0,0,7.25,S,Unknown,0
229,male,18,Mr,2,0,0,0,13.0,S,Unknown,0
230,female,12,Miss,3,3,1,4,25.4667,S,Unknown,0
231,female,35,Mrs,1,1,0,1,83.475,S,C,1
232,male,29,Mr,3,0,0,0,7.775,S,Unknown,0
233,male,59,Mr,2,0,0,0,13.5,S,Unknown,0
234,female,5,Miss,3,4,2,6,31.3875,S,Unknown,1
235,male,24,Mr,2,0,0,0,10.5,S,Unknown,0
236,female,28,Miss,3,0,0,0,7.55,S,Unknown,0
237,male,44,Mr,2,1,0,1,26.0,S,Unknown,0
238,female,8,Miss,2,0,2,2,26.25,S,Unknown,1
239,male,19,Mr,2,0,0,0,10.5,S,Unknown,0
240,male,33,Mr,2,0,0,0,12.275,S,Unknown,0
241,female,28,Miss,3,1,0,1,14.4542,C,Unknown,0
242,female,28,Miss,3,1,0,1,15.5,Q,Unknown,1
243,male,29,Mr,2,0,0,0,10.5,S,Unknown,0
244,male,22,Mr,3,0,0,0,7.125,S,Unknown,0
245,male,30,Mr,3,0,0,0,7.225,C,Unknown,0
246,male,44,Mrs,1,2,0,2,90.0,Q,C,0
247,female,25,Miss,3,0,0,0,7.775,S,Unknown,0
248,female,24,Mrs,2,0,2,2,14.5,S,Unknown,1
249,male,37,Mr,1,1,1,2,52.5542,S,D,1
250,male,54,Mr,2,1,0,1,26.0,S,Unknown,0
251,male,33,Mr,3,0,0,0,7.25,S,Unknown,0
252,female,29,Mrs,3,1,1,2,10.4625,S,G,0
253,male,62,Mr,1,0,0,0,26.55,S,C,0
254,male,30,Mr,3,1,0,1,16.1,S,Unknown,0
255,female,41,Mrs,3,0,2,2,20.2125,S,Unknown,0
256,female,29,Mrs,3,0,2,2,15.2458,C,Unknown,1
257,female,36,Mrs,1,0,0,0,79.2,C,Unknown,1
258,female,30,Miss,1,0,0,0,86.5,S,B,1
259,female,35,Miss,1,0,0,0,512.3292,C,Unknown,1
260,female,50,Mrs,2,0,1,1,26.0,S,Unknown,1
261,male,33,Mr,3,0,0,0,7.75,Q,Unknown,0
262,male,3,Master,3,4,2,6,31.3875,S,Unknown,1
263,male,52,Mr,1,1,1,2,79.65,S,E,0
264,male,40,Mr,1,0,0,0,0.0,S,B,0
265,female,28,Miss,3,0,0,0,7.75,Q,Unknown,0
266,male,36,Mr,2,0,0,0,10.5,S,Unknown,0
267,male,16,Mr,3,4,1,5,39.6875,S,Unknown,0
268,male,25,Mr,3,1,0,1,7.775,S,Unknown,1
269,female,58,Mrs,1,0,1,1,153.4625,S,C,1
270,female,35,Miss,1,0,0,0,135.6333,S,C,1
271,male,33,Mr,1,0,0,0,31.0,S,Unknown,0
272,male,25,Mr,3,0,0,0,0.0,S,Unknown,1
273,female,41,Mrs,2,0,1,1,19.5,S,Unknown,1
274,male,37,Mr,1,0,1,1,29.7,C,C,0
275,female,28,Miss,3,0,0,0,7.75,Q,Unknown,1
276,female,63,Miss,1,1,0,1,77.9583,S,D,1
277,female,45,Miss,3,0,0,0,7.75,S,Unknown,0
278,male,33,Mr,2,0,0,0,0.0,S,Unknown,0
279,male,7,Master,3,4,1,5,29.125,Q,Unknown,0
280,female,35,Mrs,3,1,1,2,20.25,S,Unknown,1
281,male,65,Mr,3,0,0,0,7.75,Q,Unknown,0
282,male,28,Mr,3,0,0,0,7.8542,S,Unknown,0
283,male,16,Mr,3,0,0,0,9.5,S,Unknown,0
284,male,19,Mr,3,0,0,0,8.05,S,Unknown,1
285,male,33,Mr,1,0,0,0,26.0,S,A,0
286,male,33,Mr,3,0,0,0,8.6625,C,Unknown,0
287,male,30,Mr,3,0,0,0,9.5,S,Unknown,1
288,male,22,Mr,3,0,0,0,7.8958,S,Unknown,0
289,male,42,Mr,2,0,0,0,13.0,S,Unknown,1
290,female,22,Miss,3,0,0,0,7.75,Q,Unknown,1
291,female,26,Miss,1,0,0,0,78.85,S,Unknown,1
292,female,19,Mrs,1,1,0,1,91.0792,C,B,1
293,male,36,Mr,2,0,0,0,12.875,C,D,0
294,female,24,Miss,3,0,0,0,8.85,S,Unknown,0
295,male,24,Mr,3,0,0,0,7.8958,S,Unknown,0
296,male,33,Mr,1,0,0,0,27.7208,C,Unknown,0
297,male,23,Mr,3,0,0,0,7.2292,C,Unknown,0
298,female,2,Miss,1,1,2,3,151.55,S,C,0
299,male,33,Mr,1,0,0,0,30.5,S,C,1
300,female,50,Mrs,1,0,1,1,247.5208,C,B,1
301,female,28,Miss,3,0,0,0,7.75,Q,Unknown,1
302,male,33,Mr,3,2,0,2,23.25,Q,Unknown,1
303,male,19,Mr,3,0,0,0,0.0,S,Unknown,0
304,female,28,Miss,2,0,0,0,12.35,Q,E,1
305,male,33,Mr,3,0,0,0,8.05,S,Unknown,0
306,male,0,Master,1,1,2,3,151.55,S,C,1
307,female,28,Miss,1,0,0,0,110.8833,C,Unknown,1
308,female,17,Mrs,1,1,0,1,108.9,C,C,1
309,male,30,Mr,2,1,0,1,24.0,C,Unknown,0
310,female,30,Miss,1,0,0,0,56.9292,C,E,1
311,female,24,Miss,1,0,0,0,83.1583,C,C,1
312,female,18,Miss,1,2,2,4,262.375,C,B,1
313,female,26,Mrs,2,1,1,2,26.0,S,Unknown,0
314,male,28,Mr,3,0,0,0,7.8958,S,Unknown,0
315,male,43,Mr,2,1,1,2,26.25,S,Unknown,0
316,female,26,Miss,3,0,0,0,7.8542,S,Unknown,1
317,female,24,Mrs,2,1,0,1,26.0,S,Unknown,1
318,male,54,Mrs,2,0,0,0,14.0,S,Unknown,0
319,female,31,Miss,1,0,2,2,164.8667,S,C,1
320,female,40,Mrs,1,1,1,2,134.5,C,E,1
321,male,22,Mr,3,0,0,0,7.25,S,Unknown,0
322,male,27,Mr,3,0,0,0,7.8958,S,Unknown,0
323,female,30,Miss,2,0,0,0,12.35,Q,Unknown,1
324,female,22,Mrs,2,1,1,2,29.0,S,Unknown,1
325,male,33,Mr,3,8,2,10,69.55,S,Unknown,0
326,female,36,Miss,1,0,0,0,135.6333,C,C,1
327,male,61,Mr,3,0,0,0,6.2375,S,Unknown,0
328,female,36,Mrs,2,0,0,0,13.0,S,D,1
329,female,31,Mrs,3,1,1,2,20.525,S,Unknown,1
330,female,16,Miss,1,0,1,1,57.9792,C,B,1
331,female,28,Miss,3,2,0,2,23.25,Q,Unknown,1
332,male,45,Mr,1,0,0,0,28.5,S,C,0
333,male,38,Mr,1,0,1,1,153.4625,S,C,0
334,male,16,Mr,3,2,0,2,18.0,S,Unknown,0
335,female,36,Mrs,1,1,0,1,133.65,S,Unknown,1
336,male,33,Mr,3,0,0,0,7.8958,S,Unknown,0
337,male,29,Mr,1,1,0,1,66.6,S,C,0
338,female,41,Miss,1,0,0,0,134.5,C,E,1
339,male,45,Mr,3,0,0,0,8.05,S,Unknown,1
340,male,45,Mr,1,0,0,0,35.5,S,T,0
341,male,2,Master,2,1,1,2,26.0,S,F,1
342,female,24,Miss,1,3,2,5,263.0,S,C,1
343,male,28,Mr,2,0,0,0,13.0,S,Unknown,0
344,male,25,Mr,2,0,0,0,13.0,S,Unknown,0
345,male,36,Mr,2,0,0,0,13.0,S,Unknown,0
346,female,24,Miss,2,0,0,0,13.0,S,F,1
347,female,40,Miss,2,0,0,0,13.0,S,Unknown,1
348,female,36,Mrs,3,1,0,1,16.1,S,Unknown,1
349,male,3,Master,3,1,1,2,15.9,S,Unknown,1
350,male,42,Mr,3,0,0,0,8.6625,S,Unknown,0
351,male,23,Mr,3,0,0,0,9.225,S,Unknown,0
352,male,33,Mr,1,0,0,0,35.0,S,C,0
353,male,15,Mr,3,1,1,2,7.2292,C,Unknown,0
354,male,25,Mr,3,1,0,1,17.8,S,Unknown,0
355,male,33,Mr,3,0,0,0,7.225,C,Unknown,0
356,male,28,Mr,3,0,0,0,9.5,S,Unknown,0
357,female,22,Miss,1,0,1,1,55.0,S,E,1
358,female,38,Miss,2,0,0,0,13.0,S,Unknown,0
359,female,28,Miss,3,0,0,0,7.8792,Q,Unknown,1
360,female,28,Miss,3,0,0,0,7.8792,Q,Unknown,1
361,male,40,Mr,3,1,4,5,27.9,S,Unknown,0
362,male,29,Mr,2,1,0,1,27.7208,C,Unknown,0
363,female,45,Mrs,3,0,1,1,14.4542,C,Unknown,0
364,male,35,Mr,3,0,0,0,7.05,S,Unknown,0
365,male,33,Mr,3,1,0,1,15.5,Q,Unknown,0
366,male,30,Mr,3,0,0,0,7.25,S,Unknown,0
367,female,60,Mrs,1,1,0,1,75.25,C,D,1
368,female,36,Mrs,3,0,0,0,7.2292,C,Unknown,1
369,female,28,Miss,3,0,0,0,7.75,Q,Unknown,1
370,female,24,Mrs,1,0,0,0,69.3,C,B,1
371,male,25,Mr,1,1,0,1,55.4417,C,E,1
372,male,18,Mr,3,1,0,1,6.4958,S,Unknown,0
373,male,19,Mr,3,0,0,0,8.05,S,Unknown,0
374,male,22,Mr,1,0,0,0,135.6333,C,Unknown,0
375,female,3,Miss,3,3,1,4,21.075,S,Unknown,0
376,female,36,Mrs,1,1,0,1,82.1708,C,Unknown,1
377,female,22,Miss,3,0,0,0,7.25,S,Unknown,1
378,male,27,Mr,1,0,2,2,211.5,C,C,0
379,male,20,Mr,3,0,0,0,4.0125,C,Unknown,0
380,male,19,Mr,3,0,0,0,7.775,S,Unknown,0
381,female,42,Miss,1,0,0,0,227.525,C,Unknown,1
382,female,1,Miss,3,0,2,2,15.7417,C,Unknown,1
383,male,32,Mr,3,0,0,0,7.925,S,Unknown,0
384,female,35,Mrs,1,1,0,1,52.0,S,Unknown,1
385,male,33,Mr,3,0,0,0,7.8958,S,Unknown,0
386,male,18,Mr,2,0,0,0,73.5,S,Unknown,0
387,male,1,Master,3,5,2,7,46.9,S,Unknown,0
388,female,36,Miss,2,0,0,0,13.0,S,Unknown,1
389,male,33,Mr,3,0,0,0,7.7292,Q,Unknown,0
390,female,17,Miss,2,0,0,0,12.0,C,Unknown,1
391,male,36,Mr,1,1,2,3,120.0,S,B,1
392,male,21,Mr,3,0,0,0,7.7958,S,Unknown,1
393,male,28,Mr,3,2,0,2,7.925,S,Unknown,0
394,female,23,Miss,1,1,0,1,113.275,C,D,1
395,female,24,Mrs,3,0,2,2,16.7,S,G,1
396,male,22,Mr,3,0,0,0,7.7958,S,Unknown,0
397,female,31,Miss,3,0,0,0,7.8542,S,Unknown,0
398,male,46,Mr,2,0,0,0,26.0,S,Unknown,0
399,male,23,Mrs,2,0,0,0,10.5,S,Unknown,0
400,female,28,Mrs,2,0,0,0,12.65,S,Unknown,1
401,male,39,Mr,3,0,0,0,7.925,S,Unknown,1
402,male,26,Mr,3,0,0,0,8.05,S,Unknown,0
403,female,21,Miss,3,1,0,1,9.825,S,Unknown,0
404,male,28,Mr,3,1,0,1,15.85,S,Unknown,0
405,female,20,Miss,3,0,0,0,8.6625,S,Unknown,0
406,male,34,Mr,2,1,0,1,21.0,S,Unknown,0
407,male,51,Mr,3,0,0,0,7.75,S,Unknown,0
408,male,3,Master,2,1,1,2,18.75,S,Unknown,1
409,male,21,Mr,3,0,0,0,7.775,S,Unknown,0
410,female,12,Miss,3,3,1,4,25.4667,S,Unknown,0
411,male,33,Mr,3,0,0,0,7.8958,S,Unknown,0
412,male,33,Mr,3,0,0,0,6.8583,Q,Unknown,0
413,female,33,Miss,1,1,0,1,90.0,Q,C,1
414,male,33,Mr,2,0,0,0,0.0,S,Unknown,0
415,male,44,Mr,3,0,0,0,7.925,S,Unknown,1
416,female,36,Mrs,3,0,0,0,8.05,S,Unknown,0
417,female,34,Mrs,2,1,1,2,32.5,S,Unknown,1
418,female,18,Miss,2,0,2,2,13.0,S,Unknown,1
419,male,30,Mr,2,0,0,0,13.0,S,Unknown,0
420,female,10,Miss,3,0,2,2,24.15,S,Unknown,0
421,male,33,Mr,3,0,0,0,7.8958,C,Unknown,0
422,male,21,Mr,3,0,0,0,7.7333,Q,Unknown,0
423,male,29,Mr,3,0,0,0,7.875,S,Unknown,0
424,female,28,Mrs,3,1,1,2,14.4,S,Unknown,0
425,male,18,Mr,3,1,1,2,20.2125,S,Unknown,0
426,male,33,Mr,3,0,0,0,7.25,S,Unknown,0
427,female,28,Mrs,2,1,0,1,26.0,S,Unknown,1
428,female,19,Miss,2,0,0,0,26.0,S,Unknown,1
429,male,33,Mr,3,0,0,0,7.75,Q,Unknown,0
430,male,32,Mr,3,0,0,0,8.05,S,E,1
431,male,28,Mr,1,0,0,0,26.55,S,C,1
432,female,36,Mrs,3,1,0,1,16.1,S,Unknown,1
433,female,42,Mrs,2,1,0,1,26.0,S,Unknown,1
434,male,17,Mr,3,0,0,0,7.125,S,Unknown,0
435,male,50,Mr,1,1,0,1,55.9,S,E,0
436,female,14,Miss,1,1,2,3,120.0,S,B,1
437,female,21,Miss,3,2,2,4,34.375,S,Unknown,0
438,female,24,Mrs,2,2,3,5,18.75,S,Unknown,1
439,male,64,Mr,1,1,4,5,263.0,S,C,0
440,male,31,Mr,2,0,0,0,10.5,S,Unknown,0
441,female,45,Mrs,2,1,1,2,26.25,S,Unknown,1
442,male,20,Mr,3,0,0,0,9.5,S,Unknown,0
443,male,25,Mr,3,1,0,1,7.775,S,Unknown,0
444,female,28,Miss,2,0,0,0,13.0,S,Unknown,1
445,male,33,Mr,3,0,0,0,8.1125,S,Unknown,1
446,male,4,Master,1,0,2,2,81.8583,S,A,1
447,female,13,Miss,2,0,1,1,19.5,S,Unknown,1
448,male,34,Mr,1,0,0,0,26.55,S,Unknown,1
449,female,5,Miss,3,2,1,3,19.2583,C,Unknown,1
450,male,52,Mr,1,0,0,0,30.5,S,C,1
451,male,36,Mr,2,1,2,3,27.75,S,Unknown,0
452,male,33,Mr,3,1,0,1,19.9667,S,Unknown,0
453,male,30,Mr,1,0,0,0,27.75,C,C,0
454,male,49,Mr,1,1,0,1,89.1042,C,C,1
455,male,33,Mr,3,0,0,0,8.05,S,Unknown,0
456,male,29,Mr,3,0,0,0,7.8958,C,Unknown,1
457,male,65,Mr,1,0,0,0,26.55,S,E,0
458,female,36,Mrs,1,1,0,1,51.8625,S,D,1
459,female,50,Miss,2,0,0,0,10.5,S,Unknown,1
460,male,33,Mr,3,0,0,0,7.75,Q,Unknown,0
461,male,48,Mr,1,0,0,0,26.55,S,E,1
462,male,34,Mr,3,0,0,0,8.05,S,Unknown,0
463,male,47,Mr,1,0,0,0,38.5,S,E,0
464,male,48,Mr,2,0,0,0,13.0,S,Unknown,0
465,male,33,Mr,3,0,0,0,8.05,S,Unknown,0
466,male,38,Mr,3,0,0,0,7.05,S,Unknown,0
467,male,33,Mr,2,0,0,0,0.0,S,Unknown,0
468,male,56,Mr,1,0,0,0,26.55,S,Unknown,0
469,male,33,Mr,3,0,0,0,7.725,Q,Unknown,0
470,female,0,Miss,3,2,1,3,19.2583,C,Unknown,1
471,male,33,Mr,3,0,0,0,7.25,S,Unknown,0
472,male,38,Mr,3,0,0,0,8.6625,S,Unknown,0
473,female,33,Mrs,2,1,2,3,27.75,S,Unknown,1
474,female,23,Mrs,2,0,0,0,13.7917,C,D,1
475,female,22,Miss,3,0,0,0,9.8375,S,Unknown,0
476,male,33,Mr,1,0,0,0,52.0,S,A,0
477,male,34,Mr,2,1,0,1,21.0,S,Unknown,0
478,male,29,Mr,3,1,0,1,7.0458,S,Unknown,0
479,male,22,Mr,3,0,0,0,7.5208,S,Unknown,0
480,female,2,Miss,3,0,1,1,12.2875,S,Unknown,1
481,male,9,Master,3,5,2,7,46.9,S,Unknown,0
482,male,33,Mr,2,0,0,0,0.0,S,Unknown,0
483,male,50,Mr,3,0,0,0,8.05,S,Unknown,0
484,female,63,Mrs,3,0,0,0,9.5875,S,Unknown,1
485,male,25,Mr,1,1,0,1,91.0792,C,B,1
486,female,12,Miss,3,3,1,4,25.4667,S,Unknown,0
487,female,35,Mrs,1,1,0,1,90.0,S,C,1
488,male,58,Mr,1,0,0,0,29.7,C,B,0
489,male,30,Mr,3,0,0,0,8.05,S,Unknown,0
490,male,9,Master,3,1,1,2,15.9,S,Unknown,1
491,male,33,Mr,3,1,0,1,19.9667,S,Unknown,0
492,male,21,Mr,3,0,0,0,7.25,S,Unknown,0
493,male,55,Mr,1,0,0,0,30.5,S,C,0
494,male,71,Mr,1,0,0,0,49.5042,C,Unknown,0
495,male,21,Mr,3,0,0,0,8.05,S,Unknown,0
496,male,33,Mr,3,0,0,0,14.4583,C,Unknown,0
497,female,54,Miss,1,1,0,1,78.2667,C,D,1
498,male,33,Mr,3,0,0,0,15.1,S,Unknown,0
499,female,25,Mrs,1,1,2,3,151.55,S,C,0
500,male,24,Mr,3,0,0,0,7.7958,S,Unknown,0
501,male,17,Mr,3,0,0,0,8.6625,S,Unknown,0
502,female,21,Miss,3,0,0,0,7.75,Q,Unknown,0
503,female,28,Miss,3,0,0,0,7.6292,Q,Unknown,0
504,female,37,Miss,3,0,0,0,9.5875,S,Unknown,0
505,female,16,Miss,1,0,0,0,86.5,S,B,1
506,male,18,Mr,1,1,0,1,108.9,C,C,0
507,female,33,Mrs,2,0,2,2,26.0,S,Unknown,1
508,male,33,Mr,1,0,0,0,26.55,S,Unknown,1
509,male,28,Mr,3,0,0,0,22.525,S,Unknown,0
510,male,26,Mr,3,0,0,0,56.4958,S,Unknown,1
511,male,29,Mr,3,0,0,0,7.75,Q,Unknown,1
512,male,33,Mr,3,0,0,0,8.05,S,Unknown,0
513,male,36,Mr,1,0,0,0,26.2875,S,E,1
514,female,54,Mrs,1,1,0,1,59.4,C,Unknown,1
515,male,24,Mr,3,0,0,0,7.4958,S,Unknown,0
516,male,47,Mr,1,0,0,0,34.0208,S,D,0
517,female,34,Mrs,2,0,0,0,10.5,S,F,1
518,male,33,Mr,3,0,0,0,24.15,Q,Unknown,0
519,female,36,Mrs,2,1,0,1,26.0,S,Unknown,1
520,male,32,Mr,3,0,0,0,7.8958,S,Unknown,0
521,female,30,Miss,1,0,0,0,93.5,S,B,1
522,male,22,Mr,3,0,0,0,7.8958,S,Unknown,0
523,male,33,Mr,3,0,0,0,7.225,C,Unknown,0
524,female,44,Mrs,1,0,1,1,57.9792,C,B,1
525,male,33,Mr,3,0,0,0,7.2292,C,Unknown,0
526,male,40,Mr,3,0,0,0,7.75,Q,Unknown,0
527,female,50,Miss,2,0,0,0,10.5,S,Unknown,1
528,male,33,Mr,1,0,0,0,221.7792,S,C,0
529,male,39,Mr,3,0,0,0,7.925,S,Unknown,0
530,male,23,Mr,2,2,1,3,11.5,S,Unknown,0
531,female,2,Miss,2,1,1,2,26.0,S,Unknown,1
532,male,33,Mr,3,0,0,0,7.2292,C,Unknown,0
533,male,17,Mr,3,1,1,2,7.2292,C,Unknown,0
534,female,36,Mrs,3,0,2,2,22.3583,C,Unknown,1
535,female,30,Miss,3,0,0,0,8.6625,S,Unknown,0
536,female,7,Miss,2,0,2,2,26.25,S,Unknown,1
537,male,45,Mr,1,0,0,0,26.55,S,B,0
538,female,30,Miss,1,0,0,0,106.425,C,Unknown,1
539,male,33,Mr,3,0,0,0,14.5,S,Unknown,0
540,female,22,Miss,1,0,2,2,49.5,C,B,1
541,female,36,Miss,1,0,2,2,71.0,S,B,1
542,female,9,Miss,3,4,2,6,31.275,S,Unknown,0
543,female,11,Miss,3,4,2,6,31.275,S,Unknown,0
544,male,32,Mr,2,1,0,1,26.0,S,Unknown,1
545,male,50,Mr,1,1,0,1,106.425,C,C,0
546,male,64,Mr,1,0,0,0,26.0,S,Unknown,0
547,female,19,Mrs,2,1,0,1,26.0,S,Unknown,1
548,male,33,Mr,2,0,0,0,13.8625,C,Unknown,1
549,male,33,Mr,3,1,1,2,20.525,S,Unknown,0
550,male,8,Master,2,1,1,2,36.75,S,Unknown,1
551,male,17,Mr,1,0,2,2,110.8833,C,C,1
552,male,27,Mr,2,0,0,0,26.0,S,Unknown,0
553,male,33,Mr,3,0,0,0,7.8292,Q,Unknown,0
554,male,22,Mr,3,0,0,0,7.225,C,Unknown,1
555,female,22,Miss,3,0,0,0,7.775,S,Unknown,1
556,male,62,Mr,1,0,0,0,26.55,S,Unknown,0
557,female,48,Mrs,1,1,0,1,39.6,C,A,1
558,male,33,Mr,1,0,0,0,227.525,C,Unknown,0
559,female,39,Mrs,1,1,1,2,79.65,S,E,1
560,female,36,Mrs,3,1,0,1,17.4,S,Unknown,1
561,male,33,Mr,3,0,0,0,7.75,Q,Unknown,0
562,male,40,Mr,3,0,0,0,7.8958,S,Unknown,0
563,male,28,Mr,2,0,0,0,13.5,S,Unknown,0
564,male,33,Mr,3,0,0,0,8.05,S,Unknown,0
565,female,28,Miss,3,0,0,0,8.05,S,Unknown,0
566,male,24,Mr,3,2,0,2,24.15,S,Unknown,0
567,male,19,Mr,3,0,0,0,7.8958,S,Unknown,0
568,female,29,Mrs,3,0,4,4,21.075,S,Unknown,0
569,male,33,Mr,3,0,0,0,7.2292,C,Unknown,0
570,male,32,Mr,3,0,0,0,7.8542,S,Unknown,1
571,male,62,Mr,2,0,0,0,10.5,S,Unknown,1
572,female,53,Mrs,1,2,0,2,51.4792,S,C,1
573,male,36,Mr,1,0,0,0,26.3875,S,E,1
574,female,28,Miss,3,0,0,0,7.75,Q,Unknown,1
575,male,16,Mr,3,0,0,0,8.05,S,Unknown,0
576,male,19,Mr,3,0,0,0,14.5,S,Unknown,0
577,female,34,Miss,2,0,0,0,13.0,S,Unknown,1
578,female,39,Mrs,1,1,0,1,55.9,S,E,1
579,female,36,Mrs,3,1,0,1,14.4583,C,Unknown,0
580,male,32,Mr,3,0,0,0,7.925,S,Unknown,1
581,female,25,Miss,2,1,1,2,30.0,S,Unknown,1
582,female,39,Mrs,1,1,1,2,110.8833,C,C,1
583,male,54,Mr,2,0,0,0,26.0,S,Unknown,0
584,male,36,Mr,1,0,0,0,40.125,C,A,0
585,male,33,Mr,3,0,0,0,8.7125,C,Unknown,0
586,female,18,Miss,1,0,2,2,79.65,S,E,1
587,male,47,Mr,2,0,0,0,15.0,S,Unknown,0
588,male,60,Mr,1,1,1,2,79.2,C,B,1
589,male,22,Mr,3,0,0,0,8.05,S,Unknown,0
590,male,33,Mr,3,0,0,0,8.05,S,Unknown,0
591,male,35,Mr,3,0,0,0,7.125,S,Unknown,0
592,female,52,Mrs,1,1,0,1,78.2667,C,D,1
593,male,47,Mr,3,0,0,0,7.25,S,Unknown,0
594,female,12,Miss,3,0,2,2,7.75,Q,Unknown,0
595,male,37,Mr,2,1,0,1,26.0,S,Unknown,0
596,male,36,Mr,3,1,1,2,24.15,S,Unknown,0
597,female,28,Miss,2,0,0,0,33.0,S,Unknown,1
598,male,49,Mr,3,0,0,0,0.0,S,Unknown,0
599,male,33,Mr,3,0,0,0,7.225,C,Unknown,0
600,male,49,Mr,1,1,0,1,56.9292,C,A,1
601,female,24,Mrs,2,2,1,3,27.0,S,Unknown,1
602,male,33,Mr,3,0,0,0,7.8958,S,Unknown,0
603,male,33,Mr,1,0,0,0,42.4,S,Unknown,0
604,male,44,Mr,3,0,0,0,8.05,S,Unknown,0
605,male,35,Mr,1,0,0,0,26.55,C,Unknown,1
606,male,36,Mr,3,1,0,1,15.55,S,Unknown,0
607,male,30,Mr,3,0,0,0,7.8958,S,Unknown,0
608,male,27,Mr,1,0,0,0,30.5,S,Unknown,1
609,female,22,Mrs,2,1,2,3,41.5792,C,Unknown,1
610,female,40,Miss,1,0,0,0,153.4625,S,C,1
611,female,39,Mrs,3,1,5,6,31.275,S,Unknown,0
612,male,33,Mr,3,0,0,0,7.05,S,Unknown,0
613,female,28,Miss,3,1,0,1,15.5,Q,Unknown,1
614,male,33,Mr,3,0,0,0,7.75,Q,Unknown,0
615,male,35,Mr,3,0,0,0,8.05,S,Unknown,0
616,female,24,Miss,2,1,2,3,65.0,S,Unknown,1
617,male,34,Mr,3,1,1,2,14.4,S,Unknown,0
618,female,26,Mrs,3,1,0,1,16.1,S,Unknown,0
619,female,4,Miss,2,2,1,3,39.0,S,F,1
620,male,26,Mr,2,0,0,0,10.5,S,Unknown,0
621,male,27,Mr,3,1,0,1,14.4542,C,Unknown,0
622,male,42,Mr,1,1,0,1,52.5542,S,D,1
623,male,20,Mr,3,1,1,2,15.7417,C,Unknown,1
624,male,21,Mr,3,0,0,0,7.8542,S,Unknown,0
625,male,21,Mr,3,0,0,0,16.1,S,Unknown,0
626,male,61,Mr,1,0,0,0,32.3208,S,D,0
627,male,57,Mr,2,0,0,0,12.35,Q,Unknown,0
628,female,21,Miss,1,0,0,0,77.9583,S,D,1
629,male,26,Mr,3,0,0,0,7.8958,S,Unknown,0
630,male,33,Mr,3,0,0,0,7.7333,Q,Unknown,0
631,male,80,Mr,1,0,0,0,30.0,S,A,1
632,male,51,Mr,3,0,0,0,7.0542,S,Unknown,0
633,male,32,Mrs,1,0,0,0,30.5,C,B,1
634,male,33,Mr,1,0,0,0,0.0,S,Unknown,0
635,female,9,Miss,3,3,2,5,27.9,S,Unknown,0
636,female,28,Miss,2,0,0,0,13.0,S,Unknown,1
637,male,32,Mr,3,0,0,0,7.925,S,Unknown,0
638,male,31,Mr,2,1,1,2,26.25,S,Unknown,0
639,female,41,Mrs,3,0,5,5,39.6875,S,Unknown,0
640,male,33,Mr,3,1,0,1,16.1,S,Unknown,0
641,male,20,Mr,3,0,0,0,7.8542,S,Unknown,0
642,female,24,Miss,1,0,0,0,69.3,C,B,1
643,female,2,Miss,3,3,2,5,27.9,S,Unknown,0
644,male,33,Mr,3,0,0,0,56.4958,S,Unknown,1
645,female,0,Miss,3,2,1,3,19.2583,C,Unknown,1
646,male,48,Mr,1,1,0,1,76.7292,C,D,1
647,male,19,Mr,3,0,0,0,7.8958,S,Unknown,0
648,male,56,Mr,1,0,0,0,35.5,C,A,1
649,male,33,Mr,3,0,0,0,7.55,S,Unknown,0
650,female,23,Miss,3,0,0,0,7.55,S,Unknown,1
651,male,33,Mr,3,0,0,0,7.8958,S,Unknown,0
652,female,18,Miss,2,0,1,1,23.0,S,Unknown,1
653,male,21,Mr,3,0,0,0,8.4333,S,Unknown,0
654,female,28,Miss,3,0,0,0,7.8292,Q,Unknown,1
655,female,18,Miss,3,0,0,0,6.75,Q,Unknown,0
656,male,24,Mr,2,2,0,2,73.5,S,Unknown,0
657,male,33,Mr,3,0,0,0,7.8958,S,Unknown,0
658,female,32,Mrs,3,1,1,2,15.5,Q,Unknown,0
659,male,23,Mr,2,0,0,0,13.0,S,Unknown,0
660,male,58,Mr,1,0,2,2,113.275,C,D,0
661,male,50,Mrs,1,2,0,2,133.65,S,Unknown,1
662,male,40,Mr,3,0,0,0,7.225,C,Unknown,0
663,male,47,Mr,1,0,0,0,25.5875,S,E,0
664,male,36,Mr,3,0,0,0,7.4958,S,Unknown,0
665,male,20,Mr,3,1,0,1,7.925,S,Unknown,1
666,male,32,Mr,2,2,0,2,73.5,S,Unknown,0
667,male,25,Mr,2,0,0,0,13.0,S,Unknown,0
668,male,33,Mr,3,0,0,0,7.775,S,Unknown,0
669,male,43,Mr,3,0,0,0,8.05,S,Unknown,0
670,female,36,Mrs,1,1,0,1,52.0,S,C,1
671,female,40,Mrs,2,1,1,2,39.0,S,Unknown,1
672,male,31,Mr,1,1,0,1,52.0,S,B,0
673,male,70,Mr,2,0,0,0,10.5,S,Unknown,0
674,male,31,Mr,2,0,0,0,13.0,S,Unknown,1
675,male,33,Mr,2,0,0,0,0.0,S,Unknown,0
676,male,18,Mr,3,0,0,0,7.775,S,Unknown,0
677,male,24,Mr,3,0,0,0,8.05,S,Unknown,0
678,female,18,Miss,3,0,0,0,9.8417,S,Unknown,1
679,female,43,Mrs,3,1,6,7,46.9,S,Unknown,0
680,male,36,Mr,1,0,1,1,512.3292,C,B,1
681,female,28,Miss,3,0,0,0,8.1375,Q,Unknown,0
682,male,27,Mr,1,0,0,0,76.7292,C,D,1
683,male,20,Mr,3,0,0,0,9.225,S,Unknown,0
684,male,14,Mr,3,5,2,7,46.9,S,Unknown,0
685,male,60,Mr,2,1,1,2,39.0,S,Unknown,0
686,male,25,Mr,2,1,2,3,41.5792,C,Unknown,0
687,male,14,Mr,3,4,1,5,39.6875,S,Unknown,0
688,male,19,Mr,3,0,0,0,10.1708,S,Unknown,0
689,male,18,Mr,3,0,0,0,7.7958,S,Unknown,0
690,female,15,Miss,1,0,1,1,211.3375,S,B,1
691,male,31,Mr,1,1,0,1,57.0,S,B,1
692,female,4,Miss,3,0,1,1,13.4167,C,Unknown,1
693,male,33,Mr,3,0,0,0,56.4958,S,Unknown,1
694,male,25,Mr,3,0,0,0,7.225,C,Unknown,0
695,male,60,Mr,1,0,0,0,26.55,S,Unknown,0
696,male,52,Mr,2,0,0,0,13.5,S,Unknown,0
697,male,44,Mr,3,0,0,0,8.05,S,Unknown,0
698,female,28,Miss,3,0,0,0,7.7333,Q,Unknown,1
699,male,49,Mr,1,1,1,2,110.8833,C,C,0
700,male,42,Mr,3,0,0,0,7.65,S,F,0
701,female,18,Mrs,1,1,0,1,227.525,C,C,1
702,male,35,Mr,1,0,0,0,26.2875,S,E,1
703,female,18,Miss,3,0,1,1,14.4542,C,Unknown,0
704,male,25,Mr,3,0,0,0,7.7417,Q,Unknown,0
705,male,26,Mr,3,1,0,1,7.8542,S,Unknown,0
706,male,39,Mr,2,0,0,0,26.0,S,Unknown,0
707,female,45,Mrs,2,0,0,0,13.5,S,Unknown,1
708,male,42,Mr,1,0,0,0,26.2875,S,E,1
709,female,22,Miss,1,0,0,0,151.55,S,Unknown,1
710,male,5,Master,3,1,1,2,15.2458,C,Unknown,1
711,female,24,Miss,1,0,0,0,49.5042,C,C,1
712,male,33,Mr,1,0,0,0,26.55,S,C,0
713,male,48,Mr,1,1,0,1,52.0,S,C,1
714,male,29,Mr,3,0,0,0,9.4833,S,Unknown,0
715,male,52,Mr,2,0,0,0,13.0,S,Unknown,0
716,male,19,Mr,3,0,0,0,7.65,S,F,0
717,female,38,Miss,1,0,0,0,227.525,C,C,1
718,female,27,Miss,2,0,0,0,10.5,S,E,1
719,male,33,Mr,3,0,0,0,15.5,Q,Unknown,0
720,male,33,Mr,3,0,0,0,7.775,S,Unknown,0
721,female,6,Miss,2,0,1,1,33.0,S,Unknown,1
722,male,17,Mr,3,1,0,1,7.0542,S,Unknown,0
723,male,34,Mr,2,0,0,0,13.0,S,Unknown,0
724,male,50,Mr,2,0,0,0,13.0,S,Unknown,0
725,male,27,Mr,1,1,0,1,53.1,S,E,1
726,male,20,Mr,3,0,0,0,8.6625,S,Unknown,0
727,female,30,Mrs,2,3,0,3,21.0,S,Unknown,1
728,female,28,Miss,3,0,0,0,7.7375,Q,Unknown,1
729,male,25,Mr,2,1,0,1,26.0,S,Unknown,0
730,female,25,Miss,3,1,0,1,7.925,S,Unknown,0
731,female,29,Miss,1,0,0,0,211.3375,S,B,1
732,male,11,Mr,3,0,0,0,18.7875,C,Unknown,0
733,male,33,Mr,2,0,0,0,0.0,S,Unknown,0
734,male,23,Mr,2,0,0,0,13.0,S,Unknown,0
735,male,23,Mr,2,0,0,0,13.0,S,Unknown,0
736,male,28,Mr,3,0,0,0,16.1,S,Unknown,0
737,female,48,Mrs,3,1,3,4,34.375,S,Unknown,0
738,male,35,Mr,1,0,0,0,512.3292,C,B,1
739,male,33,Mr,3,0,0,0,7.8958,S,Unknown,0
740,male,33,Mr,3,0,0,0,7.8958,S,Unknown,0
741,male,33,Mr,1,0,0,0,30.0,S,D,1
742,male,36,Mr,1,1,0,1,78.85,S,C,0
743,female,21,Miss,1,2,2,4,262.375,C,B,1
744,male,24,Mr,3,1,0,1,16.1,S,Unknown,0
745,male,31,Mr,3,0,0,0,7.925,S,Unknown,1
746,male,70,Mr,1,1,1,2,71.0,S,B,0
747,male,16,Mr,3,1,1,2,20.25,S,Unknown,0
748,female,30,Miss,2,0,0,0,13.0,S,Unknown,1
749,male,19,Mr,1,1,0,1,53.1,S,D,0
750,male,31,Mr,3,0,0,0,7.75,Q,Unknown,0
751,female,4,Miss,2,1,1,2,23.0,S,Unknown,1
752,male,6,Master,3,0,1,1,12.475,S,E,1
753,male,33,Mr,3,0,0,0,9.5,S,Unknown,0
754,male,23,Mr,3,0,0,0,7.8958,S,Unknown,0
755,female,48,Mrs,2,1,2,3,65.0,S,Unknown,1
756,male,0,Master,2,1,1,2,14.5,S,Unknown,1
757,male,28,Mr,3,0,0,0,7.7958,S,Unknown,0
758,male,18,Mr,2,0,0,0,11.5,S,Unknown,0
759,male,34,Mr,3,0,0,0,8.05,S,Unknown,0
760,female,33,Mrs,1,0,0,0,86.5,S,B,1
761,male,33,Mr,3,0,0,0,14.5,S,Unknown,0
762,male,41,Mr,3,0,0,0,7.125,S,Unknown,0
763,male,20,Mr,3,0,0,0,7.2292,C,Unknown,1
764,female,36,Mrs,1,1,2,3,120.0,S,B,1
765,male,16,Mr,3,0,0,0,7.775,S,Unknown,0
766,female,51,Mrs,1,1,0,1,77.9583,S,D,1
767,male,36,Mrs,1,0,0,0,39.6,C,Unknown,0
768,female,30,Miss,3,0,0,0,7.75,Q,Unknown,0
769,male,33,Mr,3,1,0,1,24.15,Q,Unknown,0
770,male,32,Mr,3,0,0,0,8.3625,S,Unknown,0
771,male,24,Mr,3,0,0,0,9.5,S,Unknown,0
772,male,48,Mr,3,0,0,0,7.8542,S,Unknown,0
773,female,57,Mrs,2,0,0,0,10.5,S,E,0
774,male,33,Mr,3,0,0,0,7.225,C,Unknown,0
775,female,54,Mrs,2,1,3,4,23.0,S,Unknown,1
776,male,18,Mr,3,0,0,0,7.75,S,Unknown,0
777,male,33,Mr,3,0,0,0,7.75,Q,F,0
778,female,5,Miss,3,0,0,0,12.475,S,Unknown,1
779,male,33,Mr,3,0,0,0,7.7375,Q,Unknown,0
780,female,43,Mrs,1,0,1,1,211.3375,S,B,1
781,female,13,Miss,3,0,0,0,7.2292,C,Unknown,1
782,female,17,Mrs,1,1,0,1,57.0,S,B,1
783,male,29,Mr,1,0,0,0,30.0,S,D,0
784,male,33,Mr,3,1,2,3,23.45,S,Unknown,0
785,male,25,Mr,3,0,0,0,7.05,S,Unknown,0
786,male,25,Mr,3,0,0,0,7.25,S,Unknown,0
787,female,18,Miss,3,0,0,0,7.4958,S,Unknown,1
788,male,8,Master,3,4,1,5,29.125,Q,Unknown,0
789,male,1,Master,3,1,2,3,20.575,S,Unknown,1
790,male,46,Mr,1,0,0,0,79.2,C,B,0
791,male,33,Mr,3,0,0,0,7.75,Q,Unknown,0
792,male,16,Mr,2,0,0,0,26.0,S,Unknown,0
793,female,12,Miss,3,8,2,10,69.55,S,Unknown,0
794,male,33,Mr,1,0,0,0,30.6958,C,Unknown,0
795,male,25,Mr,3,0,0,0,7.8958,S,Unknown,0
796,male,39,Mr,2,0,0,0,13.0,S,Unknown,0
797,female,49,Mrs,1,0,0,0,25.9292,S,D,1
798,female,31,Mrs,3,0,0,0,8.6833,S,Unknown,1
799,male,30,Mr,3,0,0,0,7.2292,C,Unknown,0
800,female,30,Mrs,3,1,1,2,24.15,S,Unknown,0
801,male,34,Mr,2,0,0,0,13.0,S,Unknown,0
802,female,31,Mrs,2,1,1,2,26.25,S,Unknown,1
803,male,11,Master,1,1,2,3,120.0,S,B,1
804,male,0,Master,3,0,1,1,8.5167,C,Unknown,1
805,male,27,Mr,3,0,0,0,6.975,S,Unknown,1
806,male,31,Mr,3,0,0,0,7.775,S,Unknown,0
807,male,39,Mr,1,0,0,0,0.0,S,A,0
808,female,18,Miss,3,0,0,0,7.775,S,Unknown,0
809,male,39,Mr,2,0,0,0,13.0,S,Unknown,0
810,female,33,Mrs,1,1,0,1,53.1,S,E,1
811,male,26,Mr,3,0,0,0,7.8875,S,Unknown,0
812,male,39,Mr,3,0,0,0,24.15,S,Unknown,0
813,male,35,Mr,2,0,0,0,10.5,S,Unknown,0
814,female,6,Miss,3,4,2,6,31.275,S,Unknown,0
815,male,30,Mr,3,0,0,0,8.05,S,Unknown,0
816,male,33,Mr,1,0,0,0,0.0,S,B,0
817,female,23,Miss,3,0,0,0,7.925,S,Unknown,0
818,male,31,Mr,2,1,1,2,37.0042,C,Unknown,0
819,male,43,Mr,3,0,0,0,6.45,S,Unknown,0
820,male,10,Master,3,3,2,5,27.9,S,Unknown,0
821,female,52,Mrs,1,1,1,2,93.5,S,B,1
822,male,27,Mr,3,0,0,0,8.6625,S,Unknown,1
823,male,38,Mr,1,0,0,0,0.0,S,Unknown,0
824,female,27,Mrs,3,0,1,1,12.475,S,E,1
825,male,2,Master,3,4,1,5,39.6875,S,Unknown,0
826,male,33,Mr,3,0,0,0,6.95,Q,Unknown,0
827,male,33,Mr,3,0,0,0,56.4958,S,Unknown,0
828,male,1,Master,2,0,2,2,37.0042,C,Unknown,1
829,male,33,Mr,3,0,0,0,7.75,Q,Unknown,1
830,female,62,Mrs,1,0,0,0,80.0,S,B,1
831,female,15,Mrs,3,1,0,1,14.4542,C,Unknown,1
832,male,0,Master,2,1,1,2,18.75,S,Unknown,1
833,male,33,Mr,3,0,0,0,7.2292,C,Unknown,0
834,male,23,Mr,3,0,0,0,7.8542,S,Unknown,0
835,male,18,Mr,3,0,0,0,8.3,S,Unknown,0
836,female,39,Miss,1,1,1,2,83.1583,C,E,1
837,male,21,Mr,3,0,0,0,8.6625,S,Unknown,0
838,male,33,Mr,3,0,0,0,8.05,S,Unknown,0
839,male,32,Mr,3,0,0,0,56.4958,S,Unknown,1
840,male,33,Mr,1,0,0,0,29.7,C,C,1
841,male,20,Mr,3,0,0,0,7.925,S,Unknown,0
842,male,16,Mr,2,0,0,0,10.5,S,Unknown,0
843,female,30,Miss,1,0,0,0,31.0,C,Unknown,1
844,male,34,Mr,3,0,0,0,6.4375,C,Unknown,0
845,male,17,Mr,3,0,0,0,8.6625,S,Unknown,0
846,male,42,Mr,3,0,0,0,7.55,S,Unknown,0
847,male,33,Mr,3,8,2,10,69.55,S,Unknown,0
848,male,35,Mr,3,0,0,0,7.8958,C,Unknown,0
849,male,28,Mr,2,0,1,1,33.0,S,Unknown,0
850,female,36,Mrs,1,1,0,1,89.1042,C,C,1
851,male,4,Master,3,4,2,6,31.275,S,Unknown,0
852,male,74,Mr,3,0,0,0,7.775,S,Unknown,0
853,female,9,Miss,3,1,1,2,15.2458,C,Unknown,0
854,female,16,Miss,1,0,1,1,39.4,S,D,1
855,female,44,Mrs,2,1,0,1,26.0,S,Unknown,0
856,female,18,Mrs,3,0,1,1,9.35,S,Unknown,1
857,female,45,Mrs,1,1,1,2,164.8667,S,Unknown,1
858,male,51,Mr,1,0,0,0,26.55,S,E,1
859,female,24,Mrs,3,0,3,3,19.2583,C,Unknown,1
860,male,33,Mr,3,0,0,0,7.2292,C,Unknown,0
861,male,41,Mr,3,2,0,2,14.1083,S,Unknown,0
862,male,21,Mr,2,1,0,1,11.5,S,Unknown,0
863,female,48,Mrs,1,0,0,0,25.9292,S,D,1
864,female,12,Miss,3,8,2,10,69.55,S,Unknown,0
865,male,24,Mr,2,0,0,0,13.0,S,Unknown,0
866,female,42,Mrs,2,0,0,0,13.0,S,Unknown,1
867,female,27,Miss,2,1,0,1,13.8583,C,Unknown,1
868,male,31,Mr,1,0,0,0,50.4958,S,A,0
869,male,33,Mr,3,0,0,0,9.5,S,Unknown,0
870,male,4,Master,3,1,1,2,11.1333,S,Unknown,1
871,male,26,Mr,3,0,0,0,7.8958,S,Unknown,0
872,female,47,Mrs,1,1,1,2,52.5542,S,D,1
873,male,33,Mr,1,0,0,0,5.0,S,B,0
874,male,47,Mr,3,0,0,0,9.0,S,Unknown,0
875,female,28,Mrs,2,1,0,1,24.0,C,Unknown,1
876,female,15,Miss,3,0,0,0,7.225,C,Unknown,1
877,male,20,Mr,3,0,0,0,9.8458,S,Unknown,0
878,male,19,Mr,3,0,0,0,7.8958,S,Unknown,0
879,male,33,Mr,3,0,0,0,7.8958,S,Unknown,0
880,female,56,Mrs,1,0,1,1,83.1583,C,C,1
881,female,25,Mrs,2,0,1,1,26.0,S,Unknown,1
882,male,33,Mr,3,0,0,0,7.8958,S,Unknown,0
883,female,22,Miss,3,0,0,0,10.5167,S,Unknown,0
884,male,28,Mr,2,0,0,0,10.5,S,Unknown,0
885,male,25,Mr,3,0,0,0,7.05,S,Unknown,0
886,female,39,Mrs,3,0,5,5,29.125,Q,Unknown,0
887,male,27,Mr,2,0,0,0,13.0,S,Unknown,0
888,female,19,Miss,1,0,0,0,30.0,S,B,1
889,female,12,Miss,3,1,2,3,23.45,S,Unknown,0
890,male,26,Mr,1,0,0,0,30.0,C,C,1
891,male,32,Mr,3,0,0,0,7.75,Q,Unknown,0
